{
  // general information
  "genInfo": {
    // path of input frame image
    "inFrmPth": "./data/frm.png",
    // path of output text file of camera parameters
    "outCamParamPth": "./data/camParam.txt",
    // resized video frame height (-1: original size)
    "rszFrmHei": -1,
    // the length unit, 10 or 1000 (1 cm = 10 mm, 1 m = 1000 mm)
    "lenUnit": 1000
  },
  // camera calibration
  "camCal": {
    // flag of selecting vanishing lines on the ground plane, necessary when inCalTyp = 1
    "calSelVanLnFlg": 0,
    // flag of selecting 2D points for testing 3D distance on the ground plane, necessary when inCalTyp > 0
    "calSelTstPtFlg": 0,
    // given vanishing point Vr, necessary when calSelVanLnFlg = 0
    "calVr": [ 300000, 500 ],
    // given vanishing point Vl, necessary when calSelVanLnFlg = 0
    "calVl": [ 926, -100 ],
    // the maximum height of camera in lenUnit, necessary when inCalTyp > 1
    "calCamHeiMax": 10.0,
    // the minimum height of camera in lenUnit, necessary when inCalTyp > 1
    "calCamHeiMin": 8.0,
    // size of the 3D grid (in lenUnit) on ground plane along R axis, necessary when inCalTyp > 0
    "calGrdSzR": 20,
    // size of the 3D grid (in lenUnit) on ground plane along L axis, necessary when inCalTyp > 0
    "calGrdSzL": 150,
    // flag of EDA optimization for camera calibration, necessary when inCalTyp > 0
    "calEdaOptFlg": 1,
    // pair(s) of end points of measuring line segments, necessary when calReprojErrTyp = 1 and total number must be even
    "calMeasLnSegNdPt": [
      [ 1224, 145 ], [ 1235, 155 ],
      [ 1259, 501 ], [ 1295, 559 ],
      [ 1289, 310 ], [ 1269, 287 ],
      [ 494, 716 ], [ 546, 626 ],
      [ 439, 307], [ 466, 285 ],
      [ 697, 168 ], [ 706, 157],
      [ 1499, 196 ], [ 1582, 197 ],
      [ 1093, 712 ], [ 1374, 703 ],
      [ 1286, 310 ], [ 1412, 303 ],
      [ 1155, 97 ], [ 1211, 93 ],
      [ 528, 367 ], [ 683, 380 ],
      [ 131, 802 ], [ 441, 828 ],
      [ 754, 63 ], [ 810, 61 ]
    ],
    // ground truth distance of measuring line segments , necessary when calReprojErrTyp = 1 and total number must be half of calMeasLnSeg
    "calMeasLnSegDist": [ 4.0, 4.0, 4.0, 4.0, 4.0, 4.0, 3.6576, 3.6576, 3.6576, 3.6576, 3.6576, 3.6576, 3.6576 ]
  }
}
